"C14ID","C14Age","C14SD","LabCode","Material","SiteID","Latitude","Longitude","Country"
3132,6030,105,"St-7112","charcoal","S1974",57.28,18.62,"Denmark"
3133,5915,145,"St-7110","charcoal","S1974",57.28,18.62,"Denmark"
3235,4500,55,"Lu-1952","bone","S4026",55.76,12.41,"Denmark"
3252,4420,70,"OxA-2887","charcoal","S4118",55.05,14.88,"Denmark"
3280,4190,70,"OxA-2888","charcoal","S3136",55.04,14.92,"Denmark"
3316,3650,70,"OxA-2892","charcoal","S1928",55.05,14.91,"Denmark"
3369,640,80,"T-3817","charcoal","S1163",55.6555,9.63115,"Denmark"
10831,4775,95,"Ua-1367","animal bone","S2359",58.1497,13.6386,"Denmark"
10832,4710,100,"Ua-1364","animal bone","S2358",54.783,12.033,"Denmark"
10833,4690,100,"Ua-1365","animal bone","S2358",54.783,12.033,"Denmark"
10834,4490,120,"Ua-1814","NULL","S2359",58.1497,13.6386,"Denmark"
10835,4225,95,"Ua-1366","animal bone","S2358",54.783,12.033,"Denmark"
10836,4170,120,"Ua-1815","NULL","S2359",58.1497,13.6386,"Denmark"
10837,3565,85,"Ua-1368","animal bone","S2359",58.1497,13.6386,"Denmark"
10903,5000,70,"OxA-2895","charcoal","S2809",55.0453,14.8937,"Denmark"
10904,3710,70,"OxA-2893","charcoal","S2809",55.0453,14.8937,"Denmark"
11175,5475,130,"OxA-117","human bone","S4099",56.0358,9.65489,"Denmark"
11176,5420,80,"OxA-532","human bone","S4099",56.0358,9.65489,"Denmark"
11295,4790,70,"OxA-1326","wood","S4056",56.483,10.55,"Denmark"
11398,5745,145,"Ua-1500","wood","S2813",57.067,9.917,"Denmark"
11574,4980,120,"TUa-137B","NULL","S1163",55.6555,9.63115,"Denmark"
11575,4975,245,"TUa-153","NULL","S1163",55.6555,9.63115,"Denmark"
11576,4510,85,"TUa-290","NULL","S1163",55.6555,9.63115,"Denmark"
11577,4505,100,"TUa-136B","NULL","S1163",55.6555,9.63115,"Denmark"
11578,4505,85,"TUa-288","NULL","S1163",55.6555,9.63115,"Denmark"
11579,4460,155,"TUa-151","NULL","S1163",55.6555,9.63115,"Denmark"
11580,4430,105,"TUa-157","NULL","S1163",55.6555,9.63115,"Denmark"
11581,4430,95,"TUa-289","NULL","S1163",55.6555,9.63115,"Denmark"
11582,4415,135,"TUa-158","NULL","S1163",55.6555,9.63115,"Denmark"
11583,4375,95,"TUa-287","NULL","S1163",55.6555,9.63115,"Denmark"
11584,4360,85,"TUa-286","NULL","S1163",55.6555,9.63115,"Denmark"
11585,4355,85,"TUa-291","NULL","S1163",55.6555,9.63115,"Denmark"
11586,4295,130,"TUa-154","NULL","S1163",55.6555,9.63115,"Denmark"
11587,4285,110,"TUa-152","NULL","S1163",55.6555,9.63115,"Denmark"
11588,4140,105,"TUa-156","NULL","S1163",55.6555,9.63115,"Denmark"
11589,3570,160,"T-3436","charcoal","S1163",55.6555,9.63115,"Denmark"
11619,4825,140,"Ua-441","charcoal","S3881",56.6726,9.45114,"Denmark"
11620,4790,115,"Ua-443","charcoal","S3881",56.6726,9.45114,"Denmark"
11621,4710,115,"Ua-442","charcoal","S3881",56.6726,9.45114,"Denmark"
19975,3855,35,"Poz-17033","bone","S7855",55.6591,11.2125,"Denmark"
19976,3950,35,"Poz-17023","bone","S7855",55.6591,11.2125,"Denmark"
19977,4010,50,"AAR-6544","bone","S7855",55.6591,11.2125,"Denmark"
19978,4060,45,"AAR-6547","bone","S7855",55.6591,11.2125,"Denmark"
19979,4100,50,"AAR-6551","bone","S7855",55.6591,11.2125,"Denmark"
19980,4190,60,"AAR-6546","bone","S7855",55.6591,11.2125,"Denmark"
19981,4350,50,"AAR-6550","bone","S7855",55.6591,11.2125,"Denmark"
19982,4410,55,"AAR-6545","bone","S7855",55.6591,11.2125,"Denmark"
19983,4410,55,"AAR-6548","bone","S7855",55.6591,11.2125,"Denmark"
19984,4420,60,"AAR-6549","bone","S7855",55.6591,11.2125,"Denmark"
19988,4800,90,"K-3579","bone","S7858",55.108,10.938,"Denmark"
19991,4690,100,"K-955","charcoal","S7861",56.2787,9.80398,"Denmark"
19992,2190,170,"K-1007","charcoal","S7862",56.3011,10.5697,"Denmark"
19993,2560,130,"K-1008","charcoal","S7862",56.3011,10.5697,"Denmark"
19998,5850,95,"K-3054","charcoal","S7862",56.3011,10.5697,"Denmark"
19999,7580,130,"K-3053","charcoal","S7862",56.3011,10.5697,"Denmark"
20002,5810,105,"K-2784","bone","S7864",56.4372,9.95077,"Denmark"
20003,6050,75,"K-2781","bone","S7864",56.4372,9.95077,"Denmark"
20004,6290,75,"K-2782","bone","S7864",56.4372,9.95077,"Denmark"
20005,3520,85,"K-2927","plant macrofossils","S7865",55.9868,9.70101,"Denmark"
20006,3530,85,"K-2925","plant macrofossils","S7865",55.9868,9.70101,"Denmark"
20007,3540,85,"K-2928","plant macrofossils","S7865",55.9868,9.70101,"Denmark"
20008,3570,85,"K-2924","plant macrofossils","S7865",55.9868,9.70101,"Denmark"
20009,3590,85,"K-2926","plant macrofossils","S7865",55.9868,9.70101,"Denmark"
20010,3630,85,"K-2929","plant macrofossils","S7865",55.9868,9.70101,"Denmark"
20011,3655,45,"AAR-6273","bone","S7866",56.8679,8.73446,"Denmark"
20017,3050,100,"AAR-803","charcoal","S7868",56.8715,9.21314,"Denmark"
20018,4130,65,"K-5820","bone","S7868",56.8715,9.21314,"Denmark"
20019,4490,55,"AAR-4028","bone","S7868",56.8715,9.21314,"Denmark"
20020,4600,75,"K-5819","bone","S7868",56.8715,9.21314,"Denmark"
20021,5050,160,"AAR-802","charcoal","S7868",56.8715,9.21314,"Denmark"
20031,4510,120,"K-1214","wood","S7870",56.1833,9.36667,"Denmark"
20032,4190,90,"K-3723","bone","S7871",55.5699,11.5317,"Denmark"
20033,4920,40,"AAR-7054","bone","S7871",55.5699,11.5317,"Denmark"
20034,4970,60,"AAR-6826","bone","S7871",55.5699,11.5317,"Denmark"
20035,5110,40,"AAR-6945","bone","S7871",55.5699,11.5317,"Denmark"
20036,5115,50,"AAR-6943","bone","S7871",55.5699,11.5317,"Denmark"
20037,5135,45,"AAR-6944","bone","S7871",55.5699,11.5317,"Denmark"
20038,5145,45,"AAR-6704","bone","S7871",55.5699,11.5317,"Denmark"
20039,5209,41,"AAR-7194","bone","S7871",55.5699,11.5317,"Denmark"
20040,5240,45,"AAR-4772","bone","S7871",55.5699,11.5317,"Denmark"
20041,5250,50,"AAR-4771","bone","S7871",55.5699,11.5317,"Denmark"
20042,5250,50,"AAR-6703","plant macrofossils","S7871",55.5699,11.5317,"Denmark"
20043,5340,80,"AAR-4770","bone","S7871",55.5699,11.5317,"Denmark"
20044,5380,50,"AAR-4769","bone","S7871",55.5699,11.5317,"Denmark"
20045,5765,45,"AAR-4767","bone","S7871",55.5699,11.5317,"Denmark"
20046,6275,50,"AAR-4765","bone","S7871",55.5699,11.5317,"Denmark"
20047,5025,40,"AAR-5360","bone","S7872",55.5867,11.5332,"Denmark"
20048,5110,75,"K-6444","food residue","S7872",55.5867,11.5332,"Denmark"
20049,4670,65,"K-4593","bone","S7873",55.015,9.83793,"Denmark"
20051,4525,90,"K-5537","bone","S7875",56.7917,9.57732,"Denmark"
20052,3700,50,"AAR-7022","charcoal","S7876",56.2167,9.98333,"Denmark"
20053,3715,45,"AAR-7023","charcoal","S7876",56.2167,9.98333,"Denmark"
20054,4815,40,"AAR-4106","charcoal","S7876",56.2167,9.98333,"Denmark"
20056,4130,50,"AAR-6624","charcoal","S7878",55.0375,14.9143,"Denmark"
20057,4230,50,"AAR-6626","charcoal","S7878",55.0375,14.9143,"Denmark"
20058,4240,50,"AAR-6627","charcoal","S7878",55.0375,14.9143,"Denmark"
20059,4295,50,"AAR-6625","charcoal","S7878",55.0375,14.9143,"Denmark"
20060,7890,65,"AAR-6867.1","bone","S7879",55.6001,11.4323,"Denmark"
20062,4560,85,"K-6273","charcoal","S7880",55.116,10.675,"Denmark"
20065,3705,45,"AAR-7201","bone","S7882",55.5848,11.2616,"Denmark"
20066,4400,65,"K-3278","NULL","S7883",55.0228,9.76485,"Denmark"
20067,4450,60,"K-3279","NULL","S7883",55.0228,9.76485,"Denmark"
20069,4740,90,"K-3473","NULL","S7885",55.8763,9.80474,"Denmark"
20071,5310,100,"K-729","charcoal","S7886",55.7625,12.5928,"Denmark"
20072,5370,100,"K-750","charcoal","S7886",55.7625,12.5928,"Denmark"
20074,3970,95,"K-5585","charcoal","S7888",55.6711,12.3518,"Denmark"
20075,4470,90,"K-5586","charcoal","S7888",55.6711,12.3518,"Denmark"
20079,3560,80,"K-4719","charcoal","S7891",56.3512,10.7973,"Denmark"
20080,3630,80,"K-4717","charcoal","S7891",56.3512,10.7973,"Denmark"
20081,3690,75,"K-4720","charcoal","S7891",56.3512,10.7973,"Denmark"
20082,3870,80,"K-4718","charcoal","S7891",56.3512,10.7973,"Denmark"
20084,4110,100,"K-2273","charcoal","S7893",55.2175,10.2135,"Denmark"
20085,4200,100,"K-2275","charcoal","S7893",55.2175,10.2135,"Denmark"
20086,4220,100,"K-2429","charcoal","S7893",55.2175,10.2135,"Denmark"
20087,4540,100,"K-2430","charcoal","S7893",55.2175,10.2135,"Denmark"
20088,4550,100,"K-2432","charcoal","S7893",55.2175,10.2135,"Denmark"
20090,4840,100,"K-2291","bone","S7894",55.7719,11.3902,"Denmark"
20091,5160,100,"K-2224","bone","S7894",55.7719,11.3902,"Denmark"
20092,3990,60,"K-4270","charcoal","S7895",56.9221,8.86751,"Denmark"
20093,4100,85,"K-4269","charcoal","S7895",56.9221,8.86751,"Denmark"
20096,3990,85,"K-3232","charcoal","S7898",56.417,9.017,"Denmark"
20097,3160,100,"K-2238","charcoal","S7899",56.4993,10.7358,"Denmark"
20098,3240,100,"K-2240","charcoal","S7899",56.4993,10.7358,"Denmark"
20099,3340,100,"K-2239","charcoal","S7899",56.4993,10.7358,"Denmark"
20100,4960,70,"K-6540","plant macrofossils","S7900",56.8975,9.26362,"Denmark"
20101,5230,70,"K-6539","plant macrofossils","S7900",56.8975,9.26362,"Denmark"
20104,4010,60,"K-4533","charcoal","S7902",55.5327,10.3834,"Denmark"
20105,4140,70,"K-2499","charcoal","S7903",56.4237,9.10582,"Denmark"
20106,4160,85,"K-2500","charcoal","S7903",56.4237,9.10582,"Denmark"
20107,4240,90,"K-2501","charcoal","S7903",56.4237,9.10582,"Denmark"
20108,5340,70,"K-4933","bone","S7904",56.81,9.17694,"Denmark"
20117,4350,65,"K-4051","bone","S7908",56.3998,10.7134,"Denmark"
20118,4390,70,"K-4049","bone","S7908",56.3998,10.7134,"Denmark"
20119,4420,95,"K-4050","bone","S7908",56.3998,10.7134,"Denmark"
20120,4940,95,"K-6299","bone","S7909",56.0882,12.3755,"Denmark"
20121,4430,120,"K-717","charcoal","S7910",56.9524,9.89705,"Denmark"
20124,3840,85,"K-3015","charcoal","S7912",56.7919,8.6791,"Denmark"
20125,3890,90,"K-3016","charcoal","S7912",56.7919,8.6791,"Denmark"
20126,3920,85,"K-3017","charcoal","S7912",56.7919,8.6791,"Denmark"
20129,3530,120,"K-3747","bone","S7915",55.7255,11.3508,"Denmark"
20132,4530,100,"K-1602","charcoal","S7918",56.4969,9.58358,"Denmark"
20133,4540,110,"K-1601","charcoal","S7918",56.4969,9.58358,"Denmark"
20137,3740,85,"K-2963","charcoal","S7920",56.2361,9.93203,"Denmark"
20138,3750,85,"K-2962","charcoal","S7920",56.2361,9.93203,"Denmark"
20139,3880,85,"K-2964","charcoal","S7920",56.2361,9.93203,"Denmark"
20140,3940,80,"K-2712","charcoal","S7921",55.2538,9.15453,"Denmark"
20141,4080,100,"K-1843","charcoal","S7921",55.2538,9.15453,"Denmark"
20143,3890,100,"K-1138","charcoal","S7923",55.1609,8.80156,"Denmark"
20144,3440,120,"K-1203","charcoal","S7924",56.8263,8.25175,"Denmark"
20145,3560,120,"K-1204","charcoal","S7924",56.8263,8.25175,"Denmark"
20150,5030,95,"K-5547","wood","S7927",57.2647,9.42379,"Denmark"
20151,3960,65,"K-5375","plant macrofossils","S7928",55.0387,14.9427,"Denmark"
20152,4000,80,"K-5388","plant macrofossils","S7928",55.0387,14.9427,"Denmark"
20153,4030,85,"K-5389","plant macrofossils","S7928",55.0387,14.9427,"Denmark"
20154,5030,90,"K-5057","bone","S7929",55.5937,11.543,"Denmark"
20155,5060,65,"K-4333","food residue","S7929",55.5937,11.543,"Denmark"
20156,4560,65,"K-3677","charcoal","S7930",55.5937,11.543,"Denmark"
20157,4590,85,"K-3678","charcoal","S7930",55.5937,11.543,"Denmark"
20158,4780,100,"AAR-1847","food residue","S7931",55.5937,11.543,"Denmark"
20159,4860,75,"Ka-6443","food residue","S7932",55.5937,11.543,"Denmark"
20160,4900,50,"AAR-4320","bone","S7933",55.5937,11.543,"Denmark"
20162,4820,80,"K-5382","charcoal","S7935",55.1174,15.1435,"Denmark"
20174,3910,100,"K-1831","charcoal","S7940",56.5847,9.21242,"Denmark"
20175,4800,40,"Poz-17025","bone","S7941",55.5961,11.3163,"Denmark"
20178,8875,65,"AAR-8200","charcoal","S7942",55.2454,9.38321,"Denmark"
20179,9015,60,"AAR-8198","charcoal","S7942",55.2454,9.38321,"Denmark"
20180,9030,55,"AAR-8199","charcoal","S7942",55.2454,9.38321,"Denmark"
20182,4560,80,"K-4214","charcoal","S7944",55.8946,9.84701,"Denmark"
20183,4580,80,"K-4216","charcoal","S7944",55.8946,9.84701,"Denmark"
20184,4670,80,"K-4215","charcoal","S7944",55.8946,9.84701,"Denmark"
20186,4580,140,"K-3629","charcoal","S4557",55.26,12.33,"Denmark"
20187,8680,40,"AAR-4554","bone","S7946",56.8909,9.57666,"Denmark"
20189,4605,100,"K-239497","NULL","S7948",56.6143,9.64505,"Denmark"
20190,4045,55,"AAR-6582","charcoal","S7949",55.6614,12.2751,"Denmark"
20191,4085,50,"AAR-6584","charcoal","S7949",55.6614,12.2751,"Denmark"
20192,4095,45,"AAR-6581","charcoal","S7949",55.6614,12.2751,"Denmark"
20193,4100,40,"AAR-6949","charcoal","S7949",55.6614,12.2751,"Denmark"
20194,4105,40,"AAR-6951","bone","S7949",55.6614,12.2751,"Denmark"
20195,4135,50,"AAR-6580","charcoal","S7949",55.6614,12.2751,"Denmark"
20196,4160,40,"AAR-6948","charcoal","S7949",55.6614,12.2751,"Denmark"
20197,4165,35,"AAR-6950","charcoal","S7949",55.6614,12.2751,"Denmark"
20198,4165,50,"AAR-6583","charcoal","S7949",55.6614,12.2751,"Denmark"
20199,4260,75,"AAR-6947","charcoal","S7949",55.6614,12.2751,"Denmark"
20200,4315,55,"AAR-6946","charcoal","S7949",55.6614,12.2751,"Denmark"
20201,3360,80,"K-5799","charcoal","S7950",56.4938,10.75,"Denmark"
20202,3390,85,"K-5798","charcoal","S7950",56.4938,10.75,"Denmark"
20203,3470,70,"K-5800","charcoal","S7950",56.4938,10.75,"Denmark"
20204,3480,80,"K-5797","charcoal","S7950",56.4938,10.75,"Denmark"
20205,3680,85,"K-5801","charcoal","S7950",56.4938,10.75,"Denmark"
20209,780,100,"K-1770","charcoal","S7953",56.4083,8.91936,"Denmark"
20210,4510,100,"K-1767","charcoal","S7953",56.4083,8.91936,"Denmark"
20211,4530,100,"K-1768","charcoal","S7953",56.4083,8.91936,"Denmark"
20212,4610,100,"K-1769","NULL","S7953",56.4083,8.91936,"Denmark"
20213,4650,100,"K-1766","charcoal","S7953",56.4083,8.91936,"Denmark"
20214,4590,95,"K-6298","bone","S7954",56.0947,12.1664,"Denmark"
20215,4867,32,"AAR-7310","bone","S7955",55.5671,11.4198,"Denmark"
20225,4060,65,"K-3229","charcoal","S7960",55.5424,8.71842,"Denmark"
20226,3550,80,"K-5491","charcoal","S7961",56.1394,9.17929,"Denmark"
20227,3640,75,"K-5492","charcoal","S7961",56.1394,9.17929,"Denmark"
20231,4210,105,"K-6132","plant macrofossils","S7964",55.6423,12.25,"Denmark"
20232,4640,85,"K-6133","charcoal","S7964",55.6423,12.25,"Denmark"
20233,3890,70,"K-6134","charcoal","S7965",55.6397,12.2491,"Denmark"
20234,4220,100,"K-6135","charcoal","S7966",55.6372,12.2505,"Denmark"
20235,7980,70,"AAR-4381","bone","S7967",55.2752,11.8358,"Denmark"
20236,6200,130,"OxA-118","bone","S7968",55.2752,11.8358,"Denmark"
20237,6220,100,"K-3559","bone","S7968",55.2752,11.8358,"Denmark"
20238,8220,190,"K-4152","bone","S7969",55.2749,11.8362,"Denmark"
20239,8315,45,"AAR-8560","bone","S7969",55.2749,11.8362,"Denmark"
20240,8340,90,"K-4153","bone","S7969",55.2749,11.8362,"Denmark"
20241,8465,60,"AAR-8558","bone","S7969",55.2749,11.8362,"Denmark"
20242,8500,60,"AAR-8561","bone","S7969",55.2749,11.8362,"Denmark"
20243,8580,60,"AAR-4382","bone","S7969",55.2749,11.8362,"Denmark"
20246,4200,115,"K-4542","bone","S7972",55.8607,9.85034,"Denmark"
20247,4085,45,"AAR-5735","wood","S2267",55.91,10.25,"Denmark"
20249,2270,40,"AAR-7026","charcoal","S7973",56.2381,10.0854,"Denmark"
20250,5095,45,"AAR-7027","charcoal","S7973",56.2381,10.0854,"Denmark"
20251,3400,65,"K-6045","bone","S7974",55.9695,11.3526,"Denmark"
20252,3540,70,"K-6046","bone","S7974",55.9695,11.3526,"Denmark"
20253,3590,65,"K-6044","bone","S7974",55.9695,11.3526,"Denmark"
20254,3610,65,"K-6043","bone","S7974",55.9695,11.3526,"Denmark"
20255,3670,60,"K-6047","bone","S7974",55.9695,11.3526,"Denmark"
20256,3680,65,"K-6042","bone","S7974",55.9695,11.3526,"Denmark"
20257,3770,60,"K-6041","bone","S7974",55.9695,11.3526,"Denmark"
20258,3900,55,"K-6522","bone","S7974",55.9695,11.3526,"Denmark"
20262,4500,110,"K-986","wood","S7978",55.572,11.5799,"Denmark"
20263,4510,90,"K-2779","bone","S7978",55.572,11.5799,"Denmark"
20264,4560,110,"K-985","wood","S7978",55.572,11.5799,"Denmark"
20265,4620,55,"Ka-6976","wood","S7979",56.4938,9.07937,"Denmark"
20275,3690,85,"K-5501","charcoal","S7985",54.9665,12.2489,"Denmark"
20276,4050,100,"Ua-1908","bone","S7985",54.9665,12.2489,"Denmark"
20277,4485,50,"Ka-7001","wood","S7986",56.6352,9.91047,"Denmark"
20278,4490,120,"K-978","NULL","S7986",56.6352,9.91047,"Denmark"
20279,4260,60,"K-6305","bone","S7987",55.1989,10.1556,"Denmark"
20280,5020,60,"AAR-3104.2","bone","S7987",55.1989,10.1556,"Denmark"
20292,4070,85,"K-4462","bone","S7990",56.4332,10.7886,"Denmark"
20294,4150,70,"K-4463","bone","S7990",56.4332,10.7886,"Denmark"
20297,4180,85,"K-4467","bone","S7990",56.4332,10.7886,"Denmark"
20298,4190,80,"K-4465","bone","S7990",56.4332,10.7886,"Denmark"
20300,4310,80,"K-4464","bone","S7990",56.4332,10.7886,"Denmark"
20304,3510,65,"K-2507","plant macrofossils","S4812",56.0181,10.2491,"Denmark"
20307,3845,65,"Ua 7248","charcoal","S2359",58.1497,13.6386,"Denmark"
20315,3980,60,"K-4592","bone","S8000",55.5333,10.0833,"Denmark"
20316,4490,65,"K-3515","bone","S8001",55.372,11.5438,"Denmark"
20317,4030,100,"K-2178","charcoal","S8002",56.0752,8.96871,"Denmark"
20318,4180,100,"K-1188","wood","S8003",56.0743,8.98249,"Denmark"
20319,4350,85,"K-4631","bone","S8004",55.8342,12.3376,"Denmark"
20320,4860,110,"AAR-1849","food residue","S8004",55.8342,12.3376,"Denmark"
20323,4100,55,"K-3720","bone","S8005",56.4304,10.7962,"Denmark"
20325,4610,140,"AAR-673","charcoal","S8006",55.9341,10.1714,"Denmark"
20326,4730,120,"AAR-168","charcoal","S8006",55.9341,10.1714,"Denmark"
20327,4000,85,"K-3625","charcoal","S8007",56.7947,9.05938,"Denmark"
20328,4100,85,"K-3626","charcoal","S8007",56.7947,9.05938,"Denmark"
20329,4500,35,"AAR-5361","NULL","S8008",55.8049,12.0598,"Denmark"
20331,4140,90,"K-3013","bone","S8010",55.1085,10.1095,"Denmark"
20332,4200,90,"K-3014","bone","S8010",55.1085,10.1095,"Denmark"
20333,4250,90,"K-3012","charcoal","S8010",55.1085,10.1095,"Denmark"
20334,4550,65,"K-2954","bone","S8010",55.1085,10.1095,"Denmark"
20337,3900,120,"K-1284","charcoal","S8013",56.5155,9.11265,"Denmark"
20338,4110,100,"K-1367","charcoal","S8013",56.5155,9.11265,"Denmark"
20339,6200,75,"K-3750","bone","S8014",56.3747,10.5687,"Denmark"
20340,9250,85,"K-4063","bone","S8015",55.3996,10.1377,"Denmark"
20341,9285,50,"AAR-8613","bone","S8015",55.3996,10.1377,"Denmark"
20343,3390,80,"K-5755","charcoal","S8016",57.0604,9.45914,"Denmark"
20344,3420,70,"K-5754","charcoal","S8016",57.0604,9.45914,"Denmark"
20345,4850,100,"K-919","charcoal","S8017",56.2611,10.6691,"Denmark"
20346,5260,100,"K-923","charcoal","S8017",56.2611,10.6691,"Denmark"
20347,4965,45,"AAR-4451","bone","S8018",55.5824,11.5477,"Denmark"
20348,5070,45,"AAR-5113","food residue","S8018",55.5824,11.5477,"Denmark"
20349,5095,45,"AAR-5363","charcoal","S8018",55.5824,11.5477,"Denmark"
20350,5115,40,"AAR-5107","food residue","S8018",55.5824,11.5477,"Denmark"
20351,5120,40,"AAR-4452","bone","S8018",55.5824,11.5477,"Denmark"
20352,5135,50,"AAR-4453","bone","S8018",55.5824,11.5477,"Denmark"
20353,5140,70,"AAR-4395","charcoal","S8018",55.5824,11.5477,"Denmark"
20354,5140,40,"AAR-5111","food residue","S8018",55.5824,11.5477,"Denmark"
20355,5150,100,"AAR-5110","food residue","S8018",55.5824,11.5477,"Denmark"
20356,5155,40,"AAR-4817","organic temper","S8018",55.5824,11.5477,"Denmark"
20357,5185,40,"AAR-5112","food residue","S8018",55.5824,11.5477,"Denmark"
20358,5195,40,"AAR-4816","food residue","S8018",55.5824,11.5477,"Denmark"
20359,5195,45,"AAR-5109","food residue","S8018",55.5824,11.5477,"Denmark"
20360,5250,70,"K-4887","wood","S8018",55.5824,11.5477,"Denmark"
20361,5315,55,"AAR-4580","bone","S8018",55.5824,11.5477,"Denmark"
20362,5385,40,"AAR-5108","food residue","S8018",55.5824,11.5477,"Denmark"
20363,5395,40,"AAR-4574","bone","S8018",55.5824,11.5477,"Denmark"
20364,5565,40,"AAR-4576","bone","S8018",55.5824,11.5477,"Denmark"
20365,4950,60,"K-4885","bone","S8019",55.5824,11.5477,"Denmark"
20366,4990,65,"K-4884","bone","S8019",55.5824,11.5477,"Denmark"
20367,4990,65,"K-4886","bone","S8019",55.5824,11.5477,"Denmark"
20368,5010,65,"K-4883","bone","S8019",55.5824,11.5477,"Denmark"
20369,5020,55,"K-4889","wood","S8019",55.5824,11.5477,"Denmark"
20370,5060,65,"K-4881","bone","S8019",55.5824,11.5477,"Denmark"
20371,5070,65,"K-4882","bone","S8019",55.5824,11.5477,"Denmark"
20372,5110,65,"K-4888","wood","S8019",55.5824,11.5477,"Denmark"
20373,5240,65,"K-4891","wood","S8019",55.5824,11.5477,"Denmark"
20374,6310,75,"K-4890","wood","S8019",55.5824,11.5477,"Denmark"
20375,4690,41,"AAR-7195","bone","S8020",55.5824,11.5477,"Denmark"
20376,4985,50,"AAR-6787","plant macrofossils","S8021",55.5824,11.5477,"Denmark"
20377,4995,40,"AAR-6786","plant macrofossils","S8021",55.5824,11.5477,"Denmark"
20378,8060,65,"AAR-6788","bone","S8021",55.5824,11.5477,"Denmark"
20379,5160,110,"AAR-1848","food residue","S8022",55.5824,11.5477,"Denmark"
20380,4090,100,"K-2115","bone","S8023",55.6339,11.982,"Denmark"
20381,6180,95,"K-4185","bone","S8024",55.3426,11.1778,"Denmark"
20382,6760,75,"K-4262","bone","S8024",55.3426,11.1778,"Denmark"
20386,4050,60,"K-4705","charcoal","S8027",56.7007,9.74045,"Denmark"
20388,4740,75,"K-5536","bone","S8029",57.0922,9.01606,"Denmark"
20398,4595,55,"AAR-4321","bone","S8038",56.1425,10.1854,"Denmark"
20399,4440,40,"KIA-4338","plant macrofossils","S8039",55.3234,8.9295,"Denmark"
20400,4460,40,"KIA-4339","plant macrofossils","S8039",55.3234,8.9295,"Denmark"
20401,4510,40,"KIA-4340","charcoal","S8039",55.3234,8.9295,"Denmark"
20406,5160,70,"K-5303","plant macrofossils","S8042",56.8798,9.21762,"Denmark"
20410,4210,100,"K-2271","charcoal","S4410",54.6871,11.3265,"Denmark"
20411,4260,100,"K-2269","charcoal","S4410",54.6871,11.3265,"Denmark"
20412,4300,100,"K-2272","charcoal","S4410",54.6871,11.3265,"Denmark"
20413,4390,100,"K-2270","charcoal","S4410",54.6871,11.3265,"Denmark"
20415,3970,90,"K-2711","charcoal","S8046",56.1049,8.93639,"Denmark"
20416,4000,90,"K-2710","charcoal","S8046",56.1049,8.93639,"Denmark"
20417,2210,60,"OxA-2894","charcoal","S2809",55.0453,14.8937,"Denmark"
20418,3520,65,"AAR-2399","food residue","S2809",55.0453,14.8937,"Denmark"
20419,4080,80,"AAR-2403","charcoal","S2809",55.0453,14.8937,"Denmark"
20420,4120,75,"AAR-2404","charcoal","S2809",55.0453,14.8937,"Denmark"
20421,4180,70,"OxA-2889","charcoal","S2809",55.0453,14.8937,"Denmark"
20422,4200,70,"OxA-2890","charcoal","S2809",55.0453,14.8937,"Denmark"
20423,4210,70,"OxA-2891","charcoal","S2809",55.0453,14.8937,"Denmark"
20425,3270,80,"K-5729","plant macrofossils","S8047",55.5549,10.1177,"Denmark"
20426,5010,100,"K-1659","charcoal","S8047",55.5549,10.1177,"Denmark"
20429,4130,60,"AAR-7030","charcoal","S8048",56.2166,10.1455,"Denmark"
20431,5030,90,"AAR-1850","food residue","S8050",55.5764,11.4204,"Denmark"
20433,4510,100,"K-1771","charcoal","S8051",56.4474,9.10874,"Denmark"
20437,3530,85,"K-3536","charcoal","S8054",56.8441,8.26378,"Denmark"
20438,3620,95,"K-3274","charcoal","S8054",56.8441,8.26378,"Denmark"
20439,3690,80,"K-3273","charcoal","S8054",56.8441,8.26378,"Denmark"
20440,3720,85,"K-3537","charcoal","S8054",56.8441,8.26378,"Denmark"
20441,5120,55,"AAR-4031","bone","S8055",55.75,12.02,"Denmark"
20442,4245,40,"AAR-5472","NULL","S8056",56.102,12.2292,"Denmark"
20443,3730,60,"K-5039","charcoal","S8057",55.8024,9.69539,"Denmark"
20445,4735,65,"AAR-4322","bone","S8059",55.792,12.1558,"Denmark"
20446,4710,100,"K-2356","NULL","S8059",55.792,12.1558,"Denmark"
20447,4140,85,"K-2933","NULL","S8060",55.9905,8.88545,"Denmark"
20448,4160,85,"K-2934","NULL","S8060",55.9905,8.88545,"Denmark"
20449,4180,85,"K-2932","NULL","S8060",55.9905,8.88545,"Denmark"
20450,4240,85,"K-2931","NULL","S8060",55.9905,8.88545,"Denmark"
20451,4200,85,"K-2930","charcoal","S8061",55.9953,8.8931,"Denmark"
20452,4160,80,"K-3002","charcoal","S8062",55.9953,8.8931,"Denmark"
20453,4160,90,"K-2998","charcoal","S8062",55.9953,8.8931,"Denmark"
20454,4180,85,"K-3003","charcoal","S8062",55.9953,8.8931,"Denmark"
20455,4180,90,"K-3000","charcoal","S8062",55.9953,8.8931,"Denmark"
20456,4220,90,"K-3001","charcoal","S8062",55.9953,8.8931,"Denmark"
20457,4230,90,"K-2999","charcoal","S8062",55.9953,8.8931,"Denmark"
20463,4440,50,"Ka-6975","wood","S8065",55.3422,12.2703,"Denmark"
20464,4700,65,"K-3779","food residue","S8066",55.5793,11.5794,"Denmark"
20465,4620,60,"K-4980","bone","S8067",55.8481,12.5488,"Denmark"
20466,4860,90,"K-5763","charcoal","S8068",55.3517,11.1226,"Denmark"
20467,4120,60,"AAR-2601","bone","S8069",54.7766,11.5002,"Denmark"
20468,4500,85,"K-5107","charcoal","S8070",55.8525,12.5672,"Denmark"
20469,4640,60,"K-6683","NULL","S8071",55.1297,11.9336,"Denmark"
20470,4710,50,"K-6684","charcoal","S8071",55.1297,11.9336,"Denmark"
20473,6505,55,"AAR-5741","wood","S8073",55.59,10.6139,"Denmark"
20474,5830,110,"K-1776","bone","S8074",55.9998,11.9832,"Denmark"
20475,4135,45,"AAR-4992","charcoal","S8075",56.8268,9.01909,"Denmark"
20476,4215,45,"AAR-4991","charcoal","S8075",56.8268,9.01909,"Denmark"
20479,4210,120,"K-1189","wood","S8076",56.06,8.85,"Denmark"
20483,3660,80,"K-4047","charcoal","S8080",56.8527,8.26957,"Denmark"
20484,3830,85,"K-4766","charcoal","S8081",56.8527,8.26957,"Denmark"
20485,3860,85,"K-4767","charcoal","S8081",56.8527,8.26957,"Denmark"
20486,4060,85,"K-4768","charcoal","S8081",56.8527,8.26957,"Denmark"
20487,4890,90,"K-3464","charcoal","S8082",57.0321,10.2573,"Denmark"
20488,5080,90,"K-3463","charcoal","S8082",57.0321,10.2573,"Denmark"
20491,4600,170,"K-124","NULL","S8084",56.144,8.46961,"Denmark"
20492,4610,150,"K-131","charcoal","S8084",56.144,8.46961,"Denmark"
20493,4660,150,"K-132","charcoal","S8084",56.144,8.46961,"Denmark"
20494,4680,120,"K-123a","peat","S8084",56.144,8.46961,"Denmark"
20495,4770,150,"K-123b","peat","S8084",56.144,8.46961,"Denmark"
20496,4840,170,"K-125","NULL","S8084",56.144,8.46961,"Denmark"
20497,4850,120,"K-127","peat","S8084",56.144,8.46961,"Denmark"
20498,4880,170,"K-126","NULL","S8084",56.144,8.46961,"Denmark"
20499,4910,160,"K-128","plant macrofossils","S8084",56.144,8.46961,"Denmark"
20500,4940,160,"K-129","plant macrofossils","S8084",56.144,8.46961,"Denmark"
20501,5010,50,"AAR-4994","bone","S8084",56.144,8.46961,"Denmark"
20502,5050,45,"AAR-4993","bone","S8084",56.144,8.46961,"Denmark"
20503,8410,90,"K-4151","bone","S8085",55.4979,11.2292,"Denmark"
20504,3800,80,"K-4268","charcoal","S8086",56.7998,9.21105,"Denmark"
20505,3810,80,"K-4265","charcoal","S8086",56.7998,9.21105,"Denmark"
20506,3810,80,"K-4266","charcoal","S8086",56.7998,9.21105,"Denmark"
20507,3820,80,"K-4264","charcoal","S8086",56.7998,9.21105,"Denmark"
20508,3860,100,"K-2067","charcoal","S8086",56.7998,9.21105,"Denmark"
20509,3880,85,"K-4334","charcoal","S8086",56.7998,9.21105,"Denmark"
20510,3910,80,"K-4267","charcoal","S8086",56.7998,9.21105,"Denmark"
20514,5010,65,"K-4628","NULL","S8089",55.5843,11.5548,"Denmark"
20515,5010,70,"K-4630","wood","S8089",55.5843,11.5548,"Denmark"
20516,3980,65,"K-6474","wood","S8090",55.7822,11.2892,"Denmark"
20517,4310,90,"K-5643","wood","S8090",55.7822,11.2892,"Denmark"
20518,4320,115,"K-6115","wood","S8090",55.7822,11.2892,"Denmark"
20519,4370,115,"K-6116","wood","S8090",55.7822,11.2892,"Denmark"
20520,4440,80,"K-6117","wood","S8090",55.7822,11.2892,"Denmark"
20521,4620,75,"K-6473","wood","S8090",55.7822,11.2892,"Denmark"
20522,4700,80,"K-6113","wood","S8090",55.7822,11.2892,"Denmark"
20523,4750,95,"K-6112","wood","S8090",55.7822,11.2892,"Denmark"
20524,4770,85,"K-6114","wood","S8090",55.7822,11.2892,"Denmark"
20526,3620,90,"K-6101","bone","S8091",55.7455,11.872,"Denmark"
20527,3620,105,"K-6100","bone","S8091",55.7455,11.872,"Denmark"
20528,3750,110,"K-6102","bone","S8091",55.7455,11.872,"Denmark"
20529,3800,115,"K-6103","bone","S8091",55.7455,11.872,"Denmark"
20530,6020,45,"AAR-6658","charcoal","S8091",55.7455,11.872,"Denmark"
20531,4680,80,"K-7117","charcoal","S8092",55.9309,12.5105,"Denmark"
20532,6000,50,"K-7116","charcoal","S8092",55.9309,12.5105,"Denmark"
20533,6900,60,"AAR-7058","bone","S8092",55.9309,12.5105,"Denmark"
20535,1400,55,"K-7044","wood","S4901",56.0274,10.2571,"Denmark"
20549,5010,45,"AAR-5365","charcoal","S4901",56.0274,10.2571,"Denmark"
20550,5075,45,"AAR-5364","charcoal","S4901",56.0274,10.2571,"Denmark"
20554,5790,95,"K-5199","bone","S4901",56.0274,10.2571,"Denmark"
20556,3870,100,"K-585","plant macrofossils","S8095",55.1948,14.9869,"Denmark"
20565,4150,60,"K-5591","wood","S8100",55.3527,11.1239,"Denmark"
20566,4160,70,"K-5591B","wood","S8100",55.3527,11.1239,"Denmark"
20567,4160,70,"K-6439","wood","S8100",55.3527,11.1239,"Denmark"
20568,4200,65,"K-6438","wood","S8100",55.3527,11.1239,"Denmark"
20569,4320,65,"K-6437","wood","S8100",55.3527,11.1239,"Denmark"
20570,4470,90,"K-5590","wood","S8100",55.3527,11.1239,"Denmark"
20571,4520,90,"K-5592","wood","S8100",55.3527,11.1239,"Denmark"
20572,4570,90,"K-5593","wood","S8100",55.3527,11.1239,"Denmark"
20573,4600,90,"K-5594","wood","S8100",55.3527,11.1239,"Denmark"
20574,4610,70,"K-6436","wood","S8100",55.3527,11.1239,"Denmark"
20575,3590,80,"K-5948","charcoal","S8101",56.8258,8.25125,"Denmark"
20576,3860,85,"K-5949","charcoal","S8101",56.8258,8.25125,"Denmark"
20577,4310,85,"K-5724","wood","S8102",54.819,11.6075,"Denmark"
20578,4440,90,"K-5725","wood","S8102",54.819,11.6075,"Denmark"
20579,4870,70,"Ka-6445","food residue","S8103",55.61,11.5,"Denmark"
20580,4470,105,"K-5322","bone","S8104",56.8398,8.26202,"Denmark"
20583,4190,90,"K-2966","charcoal","S8106",55.9938,8.87781,"Denmark"
20584,4210,65,"K-2965","charcoal","S8106",55.9938,8.87781,"Denmark"
20587,4750,100,"K-1962","wood","S8108",55.5909,11.5621,"Denmark"
20588,4760,100,"K-1963","wood","S8108",55.5909,11.5621,"Denmark"
20589,4790,100,"K-2058","charcoal","S8108",55.5909,11.5621,"Denmark"
20590,4830,100,"K-2056","wood","S8108",55.5909,11.5621,"Denmark"
20591,4890,110,"K-1651","peat","S8108",55.5909,11.5621,"Denmark"
20592,4890,110,"K-1656","NULL","S8108",55.5909,11.5621,"Denmark"
20593,4950,100,"K-2057","charcoal","S8108",55.5909,11.5621,"Denmark"
20594,4960,110,"K-1650","wood","S8108",55.5909,11.5621,"Denmark"
20595,4980,110,"K-1961","wood","S8108",55.5909,11.5621,"Denmark"
20596,5010,100,"K-1473","wood","S8108",55.5909,11.5621,"Denmark"
20597,4420,110,"K-1649","wood","S8108",55.5909,11.5621,"Denmark"
20598,5260,65,"K-3773","bone","S8108",55.5909,11.5621,"Denmark"
20599,4920,95,"K-6297","bone","S8109",56.0987,12.2927,"Denmark"
20601,4140,50,"AAR-7028","charcoal","S8110",56.2414,10.0254,"Denmark"
20602,4175,50,"AAR-7029","charcoal","S8110",56.2414,10.0254,"Denmark"
20603,3125,35,"AAR-6660.b","plant macrofossils","S8111",56.3794,9.08881,"Denmark"
20604,3145,30,"AAR-6660.a","plant macrofossils","S8111",56.3794,9.08881,"Denmark"
20605,3305,35,"AAR-6659.b","plant macrofossils","S8111",56.3794,9.08881,"Denmark"
20606,3330,30,"AAR-6663.a","charcoal","S8111",56.3794,9.08881,"Denmark"
20607,3355,35,"AAR-6663.b","charcoal","S8111",56.3794,9.08881,"Denmark"
20608,3375,35,"AAR-6661.b","plant macrofossils","S8111",56.3794,9.08881,"Denmark"
20609,3440,35,"AAR-6661.a","plant macrofossils","S8111",56.3794,9.08881,"Denmark"
20610,3480,30,"AAR-6659.a","plant macrofossils","S8111",56.3794,9.08881,"Denmark"
20611,3485,40,"AAR-6664","plant macrofossils","S8111",56.3794,9.08881,"Denmark"
20612,3490,35,"AAR-6662.b","plant macrofossils","S8111",56.3794,9.08881,"Denmark"
20613,3495,35,"AAR-6662.a","bone","S8111",56.3794,9.08881,"Denmark"
20614,4800,65,"K-4372","charcoal","S8112",56.009,9.96638,"Denmark"
20615,5080,70,"K-4371","charcoal","S8112",56.009,9.96638,"Denmark"
20616,5120,70,"K-4370","charcoal","S8112",56.009,9.96638,"Denmark"
20617,5180,100,"K-6108","charcoal","S8112",56.009,9.96638,"Denmark"
20618,5200,70,"K-4369","charcoal","S8112",56.009,9.96638,"Denmark"
20619,5230,70,"K-4132","bone","S8112",56.009,9.96638,"Denmark"
20620,5320,100,"K-1654","charcoal","S8112",56.009,9.96638,"Denmark"
20621,5410,95,"K-4368","charcoal","S8112",56.009,9.96638,"Denmark"
20622,5420,210,"K-4133","bone","S8112",56.009,9.96638,"Denmark"
20623,5490,100,"K-1653","charcoal","S8112",56.009,9.96638,"Denmark"
20624,5500,110,"K-1765","charcoal","S8112",56.009,9.96638,"Denmark"
20625,5610,110,"K-1652","charcoal","S8112",56.009,9.96638,"Denmark"
20626,5820,95,"K-4367","charcoal","S8112",56.009,9.96638,"Denmark"
20628,6680,140,"AAR-832","bone","S8114",56.5369,8.94139,"Denmark"
20631,4740,34,"K-7126","charcoal","S8117",55.8845,9.77612,"Denmark"
20633,4640,55,"AAR-6608","food residue","S8118",55.4399,9.82642,"Denmark"
20634,5630,55,"AAR-6607","food residue","S8118",55.4399,9.82642,"Denmark"
20639,4910,100,"K-2253","charcoal","S8123",56.1105,9.50416,"Denmark"
20640,4920,100,"K-2255","charcoal","S8123",56.1105,9.50416,"Denmark"
20641,4960,100,"K-2254a","NULL","S8123",56.1105,9.50416,"Denmark"
20642,4970,100,"K-2254","charcoal","S8123",56.1105,9.50416,"Denmark"
20643,4980,100,"K-2254b","charcoal","S8123",56.1105,9.50416,"Denmark"
20644,4540,45,"Ka-7000","wood","S8124",55.5133,11.1692,"Denmark"
20646,4450,30,"AAR-5362","NULL","S8125",55.9161,12.3009,"Denmark"
20647,4490,85,"K-4981","bone","S8125",55.9161,12.3009,"Denmark"
20648,4610,85,"K-4982","bone","S8125",55.9161,12.3009,"Denmark"
20650,4480,55,"K-7043","wood","S8126",55.65,12.0821,"Denmark"
20651,4340,90,"K-2766","bone","S4458",55.209,10.087,"Denmark"
20652,4400,90,"K-2910","plant macrofossils","S4458",55.209,10.087,"Denmark"
20653,4400,65,"K-2911","plant macrofossils","S4458",55.209,10.087,"Denmark"
20654,4480,90,"K-2767","plant macrofossils","S4458",55.209,10.087,"Denmark"
20655,4530,70,"K-2628","plant macrofossils","S4458",55.209,10.087,"Denmark"
20656,4600,90,"K-2630","wood","S4458",55.209,10.087,"Denmark"
20657,4620,90,"K-2631","wood","S4458",55.209,10.087,"Denmark"
20658,4690,90,"K-2629","wood","S4458",55.209,10.087,"Denmark"
20659,4760,90,"K-2632","wood","S4458",55.209,10.087,"Denmark"
20660,3850,90,"AAR-1128","bone","S8127",55.2098,10.083,"Denmark"
20661,4000,90,"AAR-1127","bone","S8127",55.2098,10.083,"Denmark"
20663,4130,90,"K-2847","NULL","S8129",56.4,9.1,"Denmark"
20664,5280,50,"K-3622","bone","S8130",55.8899,11.146,"Denmark"
20665,4050,100,"K-2298","charcoal","S8131",56.457,8.86994,"Denmark"
20666,3270,45,"K-7114","charcoal","S4556",55.42,11.72,"Denmark"
20667,3440,35,"AAR-5334","charcoal","S4556",55.42,11.72,"Denmark"
20668,4490,45,"K-7113","plant macrofossils","S4556",55.42,11.72,"Denmark"
20671,4140,100,"K-2116","charcoal","S8134",56.1734,9.68544,"Denmark"
20672,4040,85,"K-3248","charcoal","S8135",56.4191,9.07575,"Denmark"
20673,4050,80,"K-3246","charcoal","S8135",56.4191,9.07575,"Denmark"
20674,4060,85,"K-3249","charcoal","S8135",56.4191,9.07575,"Denmark"
20675,4110,85,"K-3247","charcoal","S8135",56.4191,9.07575,"Denmark"
20676,4240,85,"K-3250","charcoal","S8135",56.4191,9.07575,"Denmark"
20678,4040,100,"K-2442","charcoal","S8137",55.9832,8.86859,"Denmark"
20679,4050,100,"K-2443","charcoal","S8137",55.9832,8.86859,"Denmark"
20680,4130,100,"K-2441","charcoal","S8137",55.9832,8.86859,"Denmark"
20681,3980,90,"K-2807","charcoal","S8138",55.9832,8.86859,"Denmark"
20682,4070,90,"K-2806","charcoal","S8138",55.9832,8.86859,"Denmark"
20683,3980,100,"K-2181","charcoal","S8139",55.9832,8.86859,"Denmark"
20684,4110,100,"K-2180","charcoal","S8139",55.9832,8.86859,"Denmark"
20685,3960,100,"K-2182","charcoal","S8140",55.9832,8.86859,"Denmark"
20686,4000,100,"K-2183","charcoal","S8140",55.9832,8.86859,"Denmark"
20694,4030,100,"K-1725","charcoal","S8146",55.9504,11.8993,"Denmark"
20695,4650,100,"K-1724","charcoal","S8146",55.9504,11.8993,"Denmark"
20696,5520,110,"K-1723","charcoal","S8146",55.9504,11.8993,"Denmark"
20699,4630,90,"K-6028","wood","S8149",55.6846,11.2358,"Denmark"
20700,5059,68,"AAR-3316","bone","S8149",55.6846,11.2358,"Denmark"
20701,5060,61,"AAR-3317","bone","S8149",55.6846,11.2358,"Denmark"
20702,5319,65,"AAR-3318","bone","S8149",55.6846,11.2358,"Denmark"
20703,6140,60,"AAR-3782","wood","S8149",55.6846,11.2358,"Denmark"
20704,6189,49,"AA-43837","wood","S8149",55.6846,11.2358,"Denmark"
20705,6495,60,"AAR-3783","wood","S8149",55.6846,11.2358,"Denmark"
20707,3065,50,"AAR-6564","charcoal","S8151",56.8688,8.45148,"Denmark"
20708,3520,45,"AAR-6553","charcoal","S8151",56.8688,8.45148,"Denmark"
20709,4020,85,"K-3245","charcoal","S8152",55.0347,9.28893,"Denmark"
20710,3980,85,"K-3472","charcoal","S8153",57.014,9.9819,"Denmark"
20711,4590,40,"AAR-5473","NULL","S8154",56.6529,9.66608,"Denmark"
20712,4600,90,"K-2778","bone","S8155",55.5711,12.1318,"Denmark"
20715,4640,100,"AAR-5114","food residue","S8157",55.5939,11.559,"Denmark"
20716,5050,65,"K-5042","bone","S8157",55.5939,11.559,"Denmark"
20717,5095,45,"AAR-4819","food residue","S8157",55.5939,11.559,"Denmark"
20718,5110,65,"K-5041","bone","S8157",55.5939,11.559,"Denmark"
20719,5130,65,"K-5043","bone","S8157",55.5939,11.559,"Denmark"
20720,5140,65,"K-5044","bone","S8157",55.5939,11.559,"Denmark"
20721,5180,40,"AAR-4818","food residue","S8157",55.5939,11.559,"Denmark"
20722,4240,60,"K-4074","wood","S8158",54.9377,10.8262,"Denmark"
20723,4260,115,"K-6197","plant macrofossils","S8158",54.9377,10.8262,"Denmark"
20724,4370,70,"K-4073","wood","S8158",54.9377,10.8262,"Denmark"
20725,4940,80,"Ka-6448","food residue","S8159",55.3548,11.4112,"Denmark"
20728,4240,90,"K-5495","charcoal","S8161",55.2157,14.8827,"Denmark"
20729,4380,90,"K-5496","charcoal","S8161",55.2157,14.8827,"Denmark"
20730,3460,100,"K-2297","charcoal","S8162",56.4147,8.83509,"Denmark"
20731,3730,100,"K-2296","charcoal","S8162",56.4147,8.83509,"Denmark"
20733,4310,100,"K-1789","charcoal","S8164",56.0833,8.25,"Denmark"
20735,3650,80,"K-3533","charcoal","S8165",56.837,8.25868,"Denmark"
20736,3680,85,"K-3534","charcoal","S8165",56.837,8.25868,"Denmark"
20744,4560,85,"K-4978","bone","S8170",55.5937,11.543,"Denmark"
20745,4420,50,"AAR-7062","bone","S8171",55.5937,11.543,"Denmark"
20746,4500,45,"AAR-7061","bone","S8171",55.5937,11.543,"Denmark"
20747,4860,110,"AAR-1840","food residue","S8172",55.5939,11.559,"Denmark"
20751,4510,90,"K-5742","bone","S8175",55.5867,11.6065,"Denmark"
20752,4530,90,"K-5741","bone","S8175",55.5867,11.6065,"Denmark"
20753,4450,90,"K-6058","charcoal","S8176",55.5867,11.6065,"Denmark"
20760,3980,65,"K-2672","charcoal","S8180",56.5032,9.05742,"Denmark"
20761,3660,80,"K-4075","charcoal","S8181",56.5032,9.05742,"Denmark"
20765,4960,65,"K-3775","food residue","S8183",55.6167,11.5939,"Denmark"
20767,4100,85,"K-4027","wood","S8184",56.0483,12.1087,"Denmark"
20768,4170,85,"K-4591","wood","S8184",56.0483,12.1087,"Denmark"
20769,4250,85,"K-4026","wood","S8184",56.0483,12.1087,"Denmark"
20770,4260,85,"K-4590","wood","S8184",56.0483,12.1087,"Denmark"
20771,4370,110,"AAR-1852","food residue","S8185",55.5909,11.5762,"Denmark"
20774,4960,65,"K-2775","food residue","S8188",55.5902,11.5022,"Denmark"
20776,3770,80,"K-4713","charcoal","S8189",56.7943,9.5186,"Denmark"
20777,3820,60,"K-4712","charcoal","S8189",56.7943,9.5186,"Denmark"
20779,4500,85,"K-2985","charcoal","S8190",55.8948,9.99002,"Denmark"
20785,4680,90,"K-2987","charcoal","S8190",55.8948,9.99002,"Denmark"
20787,4690,90,"K-2986","charcoal","S8190",55.8948,9.99002,"Denmark"
20788,4730,90,"K-2988","charcoal","S8190",55.8948,9.99002,"Denmark"
20791,4590,75,"K-6673","charcoal","S8193",57.3373,10.308,"Denmark"
20792,4710,70,"K-6671","charcoal","S8193",57.3373,10.308,"Denmark"
20793,4720,70,"K-6672","charcoal","S8193",57.3373,10.308,"Denmark"
20797,4870,45,"AAR-6881","bone","S8195",55.6254,11.3336,"Denmark"
20800,4390,120,"K-718","charcoal","S8196",56.4905,10.5127,"Denmark"
20801,4440,120,"K-727","charcoal","S8196",56.4905,10.5127,"Denmark"
20802,4680,110,"K-1763","charcoal","S8196",56.4905,10.5127,"Denmark"
20803,4700,110,"K-1762","charcoal","S8196",56.4905,10.5127,"Denmark"
20805,5090,140,"K-6177","wood","S8197",55.3884,9.81887,"Denmark"
20806,6740,80,"K-3558","bone","S8197",55.3884,9.81887,"Denmark"
20808,4475,45,"Ka-6978","wood","S8199",55.6295,11.1779,"Denmark"
20809,4630,85,"K-4979","bone","S8200",55.5898,11.5289,"Denmark"
20811,4580,90,"K-6306","bone","S8201",54.9535,9.21664,"Denmark"
20812,5386,42,"AAR-4773","bone","S8202",55.6045,11.5883,"Denmark"
20813,4760,95,"K-6300","bone","S8203",55.6045,11.5883,"Denmark"
20820,3995,65,"AAR-2437.1","plant macrofossils","S4118",55.05,14.88,"Denmark"
20821,4170,70,"AAR-2437.2","plant macrofossils","S4118",55.05,14.88,"Denmark"
20822,4245,60,"AAR-2438.1","plant macrofossils","S4118",55.05,14.88,"Denmark"
20823,5250,90,"AAR-2438.2","plant macrofossils","S4118",55.05,14.88,"Denmark"
20826,5140,100,"K-6303","bone","S8209",55.749,12.261,"Denmark"
20827,4150,100,"K-2118","charcoal","S8210",55.4702,8.51881,"Denmark"
20830,4570,150,"Ka-6452","food residue","S8212",55.5614,11.5098,"Denmark"
20831,3135,55,"AAR-6115","charcoal","S8213",56.5386,8.79963,"Denmark"
20832,3660,50,"AAR-6113","charcoal","S8213",56.5386,8.79963,"Denmark"
20833,3975,55,"AAR-6114","charcoal","S8213",56.5386,8.79963,"Denmark"
20834,4150,100,"K-1582","charcoal","S8214",55.5663,9.40592,"Denmark"
20835,4100,100,"K-1932","bone","S4564",56.7422,9.42611,"Denmark"
20836,4160,100,"K-1983","bone","S4564",56.7422,9.42611,"Denmark"
20837,4290,100,"K-1930","bone","S4564",56.7422,9.42611,"Denmark"
20838,4350,100,"K-1931","bone","S4564",56.7422,9.42611,"Denmark"
20839,4450,100,"K-1982","charcoal","S4564",56.7422,9.42611,"Denmark"
20841,4390,100,"K-2128","NULL","S8216",55.623,12.1387,"Denmark"
20842,4460,100,"K-2127","NULL","S8216",55.623,12.1387,"Denmark"
20843,4650,55,"AAR-5006","bone","S8217",56.7368,10.1489,"Denmark"
20845,4925,55,"AAR-5005","bone","S8217",56.7368,10.1489,"Denmark"
20846,4945,45,"AAR-5386","charcoal","S8217",56.7368,10.1489,"Denmark"
20848,4955,60,"AAR-5004","bone","S8217",56.7368,10.1489,"Denmark"
20854,5500,70,"K-3920","bone","S4099",56.0358,9.65489,"Denmark"
20855,5540,65,"K-3921","bone","S4099",56.0358,9.65489,"Denmark"
20856,3920,85,"K-4023","charcoal","S8219",56.9555,9.77631,"Denmark"
20857,3760,60,"K-2751","charcoal","S8220",55.6299,9.08239,"Denmark"
20862,4040,100,"K-1569","charcoal","S8224",56.4193,9.03985,"Denmark"
20863,4110,100,"K-2427","charcoal","S8224",56.4193,9.03985,"Denmark"
20864,4180,100,"K-2425","charcoal","S8224",56.4193,9.03985,"Denmark"
20865,4210,100,"K-1574","charcoal","S8224",56.4193,9.03985,"Denmark"
20866,4220,100,"K-2426","charcoal","S8224",56.4193,9.03985,"Denmark"
20867,4230,100,"K-1572","charcoal","S8224",56.4193,9.03985,"Denmark"
20868,4270,100,"K-1573","charcoal","S8224",56.4193,9.03985,"Denmark"
20869,4300,100,"K-1571","charcoal","S8224",56.4193,9.03985,"Denmark"
20870,4430,100,"K-1567","charcoal","S8224",56.4193,9.03985,"Denmark"
20871,4560,100,"K-1568","charcoal","S8224",56.4193,9.03985,"Denmark"
20872,4570,100,"K-1566","charcoal","S8224",56.4193,9.03985,"Denmark"
20873,4660,100,"K-2424","charcoal","S8224",56.4193,9.03985,"Denmark"
20874,4740,100,"K-2428","charcoal","S8224",56.4193,9.03985,"Denmark"
20875,4980,100,"K-1570","charcoal","S8224",56.4193,9.03985,"Denmark"
20878,4010,85,"K-3628","charcoal","S8226",56.85,9.45,"Denmark"
20879,4030,85,"K-3627","charcoal","S8226",56.85,9.45,"Denmark"
20881,5090,65,"AAR-7418-2","bone","S7894",55.7719,11.3902,"Denmark"
20882,5983,38,"AAR-7417","bone","S7894",55.7719,11.3902,"Denmark"
20883,4590,120,"K-1165","wood","S8227",55.5937,11.543,"Denmark"
20889,4530,50,"K-3675","charcoal","S7929",55.5937,11.543,"Denmark"
20890,4590,60,"K-2846","peat","S7929",55.5937,11.543,"Denmark"
20895,4560,60,"K-2845","wood","S7929",55.5937,11.543,"Denmark"
20896,4570,60,"K-3746","bone","S7929",55.5937,11.543,"Denmark"
20900,3290,55,"AAR-6563","charcoal","S8231",56.9721,8.54367,"Denmark"
20902,3910,85,"K-4022","charcoal","S8232",55.0287,9.81034,"Denmark"
20904,6750,60,"AAR-6070","bone","S8234",55.792,11.6671,"Denmark"
20905,7145,60,"AAR-6069","bone","S8235",55.5719,11.4578,"Denmark"
20907,6350,55,"K-7118","charcoal","S8092",55.9309,12.5105,"Denmark"
20908,5720,65,"AAR-6067","NULL","S8236",55.1239,12.1259,"Denmark"
20914,4000,100,"K-1925","charcoal","S8239",56.5838,9.44336,"Denmark"
20915,4860,135,"K-3778","food residue","S8200",55.5898,11.5289,"Denmark"
20916,4820,38,"AAR-7196","bone","S8240",55.5898,11.5289,"Denmark"
20917,4250,85,"K-5362a","charcoal","S8241",57.5613,10.2626,"Denmark"
20918,4270,85,"K-5362","charcoal","S8241",57.5613,10.2626,"Denmark"
22214,6870,50,"AAR-4093","animal bone","S8353",54.9184,11.6885,"Denmark"
22215,7080,75,"K-4354","human bone","S8353",54.9184,11.6885,"Denmark"
22229,6263,36,"AAR-10246","human bone","S8394",55.3402,11.1848,"Denmark"
22232,6280,35,"AAR-8551","human bone","S8410",55.99,11.9592,"Denmark"
22244,6820,55,"AAR-9341","human bone","S8443",55.3953,9.83,"Denmark"
22245,6905,55,"AAR-9342","human bone","S8443",55.3953,9.83,"Denmark"
22272,4575,35,"Poz-22588","bone","S9047",56.8796,9.21684,"Denmark"
22273,5010,35,"Poz-22589","NULL","S9047",56.8796,9.21684,"Denmark"
22280,5265,60,"AAR-2654","animal bone","S8909",55.59,10.33,"Denmark"
22281,5270,80,"AAR-5961","animal bone","S8909",55.59,10.33,"Denmark"
22282,5300,55,"AAR-5970","animal bone","S8909",55.59,10.33,"Denmark"
22283,5310,65,"AAR-5968","animal bone","S8909",55.59,10.33,"Denmark"
22284,5340,75,"AAR-2656","animal bone","S8909",55.59,10.33,"Denmark"
22285,5350,60,"AAR-2655","animal bone","S8909",55.59,10.33,"Denmark"
22286,5375,50,"AAR-5969","animal bone","S8909",55.59,10.33,"Denmark"
22287,5430,70,"AAR-2653","animal bone","S8909",55.59,10.33,"Denmark"
22288,5555,45,"AAR-5960","animal bone","S8909",55.59,10.33,"Denmark"
22289,5565,50,"AAR-5963","animal bone","S8909",55.59,10.33,"Denmark"
22290,5620,65,"AAR-5962","animal bone","S8909",55.59,10.33,"Denmark"
22291,5640,80,"AAR-2652","animal bone","S8909",55.59,10.33,"Denmark"
22292,5650,60,"AAR-5964","animal bone","S8909",55.59,10.33,"Denmark"
22293,5685,50,"AAR-5966","animal bone","S8909",55.59,10.33,"Denmark"
22294,6225,55,"AAR-5967","human bone","S8909",55.59,10.33,"Denmark"
22601,4510,90,"K-2279","NULL","S7929",55.5937,11.543,"Denmark"
22639,6130,75,"K-5621","charcoal","S4379",55.3447,11.1217,"Denmark"
22640,6370,75,"K-5622","charcoal","S4379",55.3447,11.1217,"Denmark"
22641,6430,100,"K-5344","charcoal","S4379",55.3447,11.1217,"Denmark"
22645,3560,85,"K-5787","charcoal","S8885",56.4946,10.746,"Denmark"
22667,4900,40,"POZ-28068","plant macrofossils","S9102",57.7278,10.5391,"Denmark"
22713,4823,35,"AAR-8515","food residue","S9109",56.2983,10.2283,"Denmark"
22722,4790,40,"Poz-26157","NULL","S8026",56.5751,9.05061,"Denmark"
22771,4975,55,"AAR-9225","plant macrofossils","S9128",56.2218,10.1645,"Denmark"
22772,5190,90,"AAR-8542","plant macrofossils","S9128",56.2218,10.1645,"Denmark"
22773,5075,50,"AAR-9227","plant macrofossils","S9128",56.2218,10.1645,"Denmark"
22774,5120,49,"AAR-8550","plant macrofossils","S9128",56.2218,10.1645,"Denmark"
22783,5890,55,"AAR-7410-2","NULL","S8055",55.75,12.02,"Denmark"
22818,5910,75,"K-5640","wood","S8905",54.8997,10.4175,"Denmark"
22819,6170,85,"K-6040","bone","S8905",54.8997,10.4175,"Denmark"
22820,6270,80,"K-6682","wood","S8905",54.8997,10.4175,"Denmark"
22821,6290,75,"K-6681","wood","S8905",54.8997,10.4175,"Denmark"
22846,4830,65,"K-4476","plant macrofossils","S8084",56.144,8.46961,"Denmark"
22847,4930,65,"K-4477","plant macrofossils","S8084",56.144,8.46961,"Denmark"
22848,4940,65,"K-4478","plant macrofossils","S8084",56.144,8.46961,"Denmark"
22849,4980,70,"K-2889","wood","S8084",56.144,8.46961,"Denmark"
23033,4770,85,"K-4770","NULL","S9154",56.0865,12.3716,"Denmark"
23034,4960,90,"K-4771","NULL","S9154",56.0865,12.3716,"Denmark"
23046,3815,55,"AAR-4517","plant macrofossils","S8891",56.5803,9.2359,"Denmark"
23047,3885,45,"AAR-4516","plant macrofossils","S8891",56.5803,9.2359,"Denmark"
23048,3890,50,"AAR-4518","plant macrofossils","S8891",56.5803,9.2359,"Denmark"
23049,3890,45,"AAR-4515","plant macrofossils","S8891",56.5803,9.2359,"Denmark"
23057,4890,90,"KIA-36139","plant macrofossils","S9162",55.9969,12.2864,"Denmark"
23058,4965,35,"KIA-36142","charcoal","S9162",55.9969,12.2864,"Denmark"
23074,4700,35,"Poz-22575","bone","S8217",56.7368,10.1489,"Denmark"
23075,4775,35,"Poz-22576","NULL","S8217",56.7368,10.1489,"Denmark"
23076,5020,60,"Poz-22578","bone","S8217",56.7368,10.1489,"Denmark"
